Open,High,Low,Close,Adj Close,Volume,target
2748.459961,2752.610107,2739.51001,2748.800049,2748.800049,3517790000,1.0
